DROP TABLE Person CASCADE CONSTRAINTS;
DROP TABLE Person_function CASCADE CONSTRAINTS;
DROP TABLE Function CASCADE CONSTRAINTS;
DROP TABLE Appointment CASCADE CONSTRAINTS;
DROP TABLE Bureau CASCADE CONSTRAINTS;
DROP TABLE Bureau_type CASCADE CONSTRAINTS;
DROP TABLE Relationship CASCADE CONSTRAINTS;
DROP TABLE Decree CASCADE CONSTRAINTS;
DROP TABLE Studies CASCADE CONSTRAINTS;
DROP TABLE Studies_student CASCADE CONSTRAINTS;

CREATE TABLE Person (
    Birth_number INTEGER PRIMARY KEY,
    Name_ VARCHAR(30) NOT NULL,
    Surname VARCHAR(30) NOT NULL,
    Sex VARCHAR(1) CHECK (Sex IN ('M', 'F')),
    Noble_title VARCHAR(30),
    CHECK  (Birth_number >= 100000000 AND mod(Birth_number,11)=0)
);

INSERT INTO Person
VALUES (0203071231, 'Jaroslav', 'Streit', 'M', NULL);
INSERT INTO Person
VALUES (0106122467, 'Matěj', 'Nešuta', 'M', 'Rytíř');
INSERT INTO Person
VALUES (9755165673, 'Lenka', 'Zouharová', 'F', 'Hraběnka');
INSERT INTO Person
VALUES (0157068923, 'Patricie', 'Veselá', 'F', NULL);

CREATE TABLE Appointment (
    App_ID NUMBER(10) GENERATED AS IDENTITY (START WITH 1111 INCREMENT BY 1) PRIMARY KEY,
    Appointment VARCHAR(100) NOT NULL UNIQUE
);

INSERT INTO Appointment
VALUES (DEFAULT, 'Jmenovan prezidentem');
INSERT INTO Appointment
VALUES (DEFAULT, 'Prijat ve vyberovem rizeni');

CREATE TABLE Bureau_type (
    Type_ID NUMBER(10) GENERATED AS IDENTITY (START WITH 1111 INCREMENT BY 1) PRIMARY KEY,
    B_type VARCHAR(30) NOT NULL UNIQUE
);

INSERT INTO Bureau_type
VALUES (DEFAULT, 'Mestsky urad');
INSERT INTO Bureau_type
VALUES (DEFAULT, 'Krajsky urad');
INSERT INTO Bureau_type
VALUES (DEFAULT, 'Univerzita');
INSERT INTO Bureau_type
VALUES (DEFAULT, 'Autoskola');

CREATE TABLE Bureau (
    Shortcut VARCHAR(10) PRIMARY KEY,
    Bureau_name VARCHAR(50) NOT NULL,
    B_type_ID NUMBER(10) NOT NULL,
    CONSTRAINT Bureau_ID FOREIGN KEY (B_type_ID) REFERENCES Bureau_type (Type_ID),
    Founded DATE DEFAULT SYSDATE,
    Closed DATE DEFAULT SYSDATE NULL,
    Deed_of_foundation INTEGER NOT NULL UNIQUE,
    Publication_date DATE DEFAULT SYSDATE,
    City VARCHAR(50) NOT NULL,
    Street VARCHAR(50) NOT NULL,
    House_number NUMBER(10) NOT NULL,
    Postal_code NUMBER(5) NOT NULL CHECK(Postal_code > 9999),
    -- pro jednoduchost uvazujeme, ze oblastni pusobnost se vztahuje na oblast, kde se urad nachazi (podle adresy)
    Area_of_operation VARCHAR(10) CHECK (Area_of_operation IN ('Království', 'Země', 'Kraj', 'Okres', 'Obec')),
    Superior_shortcut VARCHAR(10) NULL,
    CONSTRAINT Superior_b FOREIGN KEY (Superior_shortcut) REFERENCES Bureau(Shortcut),
    CONSTRAINT superior_shortcut_shortcut CHECK (Superior_shortcut <> Shortcut),
    CHECK (Founded < Closed),
    CHECK (Deed_of_foundation > 0)
);

INSERT INTO Bureau
VALUES('AutBl', 'Autoskola Blansko', 1111, '11-JAN-1998', NULL, 12345,
       '29-JAN-1998', 'Blansko', 'Hybesova', 69, 67801, 'Okres', NULL);
INSERT INTO Bureau
VALUES('MUBo', 'Mestsky urad Boskovice', 1111, '09-SEP-2000', NULL, 12346,
       DEFAULT, 'Boskovice', 'Janackova', 55, 67802, 'Obec', NULL);
INSERT INTO Bureau
VALUES('KUPh', 'Krajsky urad Praha', 1112, '01-JAN-1993', NULL, 12347,
       DEFAULT, 'Praha', 'Ulice Vaclava Havla', 1, 10000, 'Kraj', NULL);
INSERT INTO Bureau
VALUES('VUTFIT', 'VUT Fakulta informacnich technologii', 1113, '01-JAN-2002', NULL, 12352,
       DEFAULT, 'Brno', 'Bozetechova', 2, 61200, 'Obec', NULL);
INSERT INTO Bureau
VALUES('VUTFP', 'VUT Fakulta podnikatelska', 1113, '15-SEP-1992', NULL, 12353,
       DEFAULT, 'Brno', 'Kolejni', 2906, 61200, 'Obec', 'VUTFIT');


CREATE TABLE Function (
    Function_ID NUMBER(10) GENERATED BY DEFAULT AS IDENTITY (START WITH 1111 INCREMENT BY 1),
    Function_name VARCHAR(50)  NOT NULL,
    Function_code INTEGER NOT NULL,
    App_ID NUMBER (10),
    Function_length INTERVAL YEAR(4) TO MONTH DEFAULT INTERVAL '0000-00' YEAR TO MONTH,
    Superior_ID NUMBER(10) NULL,
    Establishment_date DATE DEFAULT SYSDATE,
    Cancellation_date DATE DEFAULT SYSDATE,
    F_bureau VARCHAR(10),
    CONSTRAINT Appointment_ID FOREIGN KEY (App_ID) REFERENCES Appointment(App_ID),
    CONSTRAINT Superior_f FOREIGN KEY (Superior_ID) REFERENCES Function(Function_ID),
    CONSTRAINT Function_ID UNIQUE (Function_ID),
    CONSTRAINT Fc_Bureau FOREIGN KEY (F_bureau) REFERENCES Bureau(Shortcut),
    CONSTRAINT func_in_bur UNIQUE (Function_code, F_bureau),
    CHECK (Function_code > 0)
);

INSERT INTO Function
VALUES(DEFAULT, 'Instruktor', 1234, 1111, DEFAULT, NULL, DEFAULT, DEFAULT, 'AutBl');
INSERT INTO Function
VALUES(DEFAULT, 'Sekretarka', 1234, 1112, DEFAULT, 1111, DEFAULT, DEFAULT, 'MUBo');
INSERT INTO Function
VALUES(DEFAULT, 'Administrator systemu', 1357, 1112, DEFAULT, NULL, DEFAULT, DEFAULT, 'KUPh');
INSERT INTO Function
VALUES(DEFAULT, 'Profesor', 1313, 1111, DEFAULT, NULL, DEFAULT, DEFAULT, 'VUTFIT');


CREATE TABLE Person_function (
    Table_ID NUMBER(10) GENERATED ALWAYS AS IDENTITY PRIMARY KEY,
    Function_ID NUMBER(10),
    Date_from DATE DEFAULT SYSDATE NOT NULL,
    Date_to DATE DEFAULT SYSDATE,
    Employee_order NUMBER(5) NOT NULL,
    End_reason VARCHAR(150),
    Birth_number INTEGER,
    CONSTRAINT VALID_INTERVAL CHECK (Date_to > Date_from),
    CONSTRAINT Person_ID FOREIGN KEY (Birth_number) REFERENCES Person (Birth_number),
    CONSTRAINT Func_ID FOREIGN KEY (Function_ID) REFERENCES Function (Function_ID)
);

INSERT INTO Person_function
VALUES(DEFAULT, 1111, '07-MAR-2019', DEFAULT, 7, 'Nikdo nevi', 0203071231);
INSERT INTO Person_function
VALUES(DEFAULT, 1112, '11-MAR-2012', DEFAULT, 3,
       'Nesplnovani pracovni doby, alkoholismus na pracovisti', 9755165673);
INSERT INTO Person_function
VALUES(DEFAULT, 1113, '21-JUN-2016', NULL, 2, NULL, 0106122467);
INSERT INTO Person_function
VALUES(DEFAULT, 1114, '13-MAY-2021', NULL, 9, NULL, 0157068923);

CREATE TABLE Relationship (
    relationship_id NUMBER(10) GENERATED ALWAYS AS IDENTITY PRIMARY KEY,
    Person_1 INTEGER NOT NULL,
    Person_2 INTEGER NOT NULL,
    rel_type VARCHAR(20) CHECK (rel_type IN ('Family member', 'School', 'Work', 'Other')),
    rel_description VARCHAR(1000),
    CONSTRAINT Person_ID1 FOREIGN KEY (Person_1) REFERENCES Person (Birth_number),
    CONSTRAINT Person_ID2 FOREIGN KEY (Person_2) REFERENCES Person (Birth_number),
    constraint uq1 unique (person_1, person_2),
    CHECK (person_1 <> person_2)
);

INSERT INTO Relationship
VALUES(DEFAULT, '0203071231', '9755165673', 'Family member', 'Sestra');

CREATE TABLE Decree (
    Decree_ID INTEGER PRIMARY KEY,
    Date_of_decision DATE DEFAULT SYSDATE,
    Date_of_execution DATE DEFAULT SYSDATE,
    Decree VARCHAR(200) NOT NULL,
    Reasoning VARCHAR(1000) NOT NULL,
    Person_ID INTEGER,
    Bureau_shortcut VARCHAR(10),
    CONSTRAINT D_person FOREIGN KEY (Person_ID) REFERENCES Person (Birth_number),
    CONSTRAINT D_bureau FOREIGN KEY (Bureau_shortcut) REFERENCES Bureau (Shortcut),
    CHECK (Decree_ID > 0)
);

INSERT INTO Decree
VALUES(731476, DEFAULT, DEFAULT, 'Vydani ridicskeho prukazu',
       'Ridicsky prukaz vydan na zaklade plnohodnotneho splneni autoskoly.', '0203071231', 'AutBl');
INSERT INTO Decree
VALUES(731482, DEFAULT, DEFAULT, 'Vydani ridicskeho prukazu',
       'Ridicsky prukaz vydan na zaklade plnohodnotneho splneni autoskoly.', '0203071231', 'AutBl');


-- Po feedbacku z 1. casti jsme se rozhodli komplet predelat specializaci a misto uzemnich celku ji
-- aplikovat na entitni mnozinu studii. Ta by vypadala tak, ze by byla specializovana na 
-- bakalarska studia, pobakalarska studia (inzenyrska, doktorska, kurzy a certifikaty) a na 
-- kurzy ovladani motorovych vozidel. Tyto 3 specializace by mely spolecny primarni klic kodu.

-- Pro skript jsme se rozhodli tuto specializaci vtesnat do jedne tabulky, jelikoz se jedna o specializaci
-- disjunktni a totalni a toto reseni by tomu mohlo vyhovovat nejlepe.

CREATE TABLE Studies(
    Studies_ID INTEGER PRIMARY KEY,
    Name_ VARCHAR(50) NOT NULL,
    S_bureau VARCHAR(10),
    Type_ VARCHAR(25) NOT NULL CHECK (Type_ IN ('Postgraduate certificates', 'Postgraduate diplomas', 'Master''s degrees', 'Doctorates','Bachelor''s', 'Driving schools')),
    vehicle_type VARCHAR(20) NULL CHECK (vehicle_type IN ('A','B','BE','CE','D', 'DE', 'T', 'Others')),
    CONSTRAINT B_bureau FOREIGN KEY (S_bureau) REFERENCES  Bureau (Shortcut),
    CHECK (Studies_ID > 0),
    CHECK ((Type_ like 'Driving schools' and vehicle_type is not NULL) or 
    (Type_ not like 'Driving schools' and vehicle_type is NULL))
);

INSERT INTO Studies
VALUES(12, 'Manazerska Informatika', 'VUTFP', 'Bachelor''s', NULL);
INSERT INTO Studies
VALUES(102, 'Informacni technologie', 'VUTFIT', 'Postgraduate diplomas', NULL);
INSERT INTO Studies
VALUES(441, 'Ridicske opravneni B', 'AutBl', 'Driving schools', 'B');

CREATE TABLE Studies_student (
    Table_ID NUMBER(10) GENERATED ALWAYS AS IDENTITY PRIMARY KEY,
    Date_from DATE DEFAULT SYSDATE,
    Date_to DATE DEFAULT SYSDATE NULL,
    Successful_end VARCHAR(3) CHECK (Successful_end IN ('YES', 'NO')) NULL,
    S_studies NUMBER(10),
    S_person INTEGER,
    CONSTRAINT Studies_1 FOREIGN KEY (S_studies) REFERENCES  Studies (Studies_ID),
    CONSTRAINT Student_1 FOREIGN KEY (S_person) REFERENCES  Person (Birth_number)
);

INSERT INTO Studies_student
VALUES(DEFAULT, '21-SEP-2017', '14-JUL-2022', 'YES', 102, 0203071231);
INSERT INTO Studies_student
VALUES(DEFAULT, '11-AUG-2021', '07-OCT-2021', 'YES', 441, 0203071231);
INSERT INTO Studies_student
VALUES(DEFAULT, '18-SEP-2018', '29-JUN-2022', 'YES', 12, 9755165673);
INSERT INTO Studies_student
VALUES(DEFAULT, '24-SEP-2016', '23-JUL-2022', 'YES', 102, 0106122467);
